{"cameraMode":{"drawMode":0,"name":"Shaded","section":"Shading Mode"},"sceneLighting":false,"audioPlay":false,"sceneViewState":{"showFog":false,"showMaterialUpdate":false,"showSkybox":false,"showFlares":false,"showImageEffects":false,"showParticleSystems":false},"in2DMode":false,"pivot":{"x":-1.539830207824707,"y":0.04151060804724693,"z":0.6343827843666077},"rotation":{"x":0.33628252148628237,"y":0.11990606039762497,"z":-0.04321545735001564,"w":0.9331112504005432},"size":8.129429817199707,"orthographic":false}