{"cameraMode":{"drawMode":0,"name":"Shaded","section":"Shading Mode"},"sceneLighting":false,"audioPlay":false,"sceneViewState":{"showFog":false,"showMaterialUpdate":false,"showSkybox":false,"showFlares":false,"showImageEffects":false,"showParticleSystems":false},"in2DMode":false,"pivot":{"x":0.22113731503486634,"y":0.8805240392684937,"z":0.8925736546516419},"rotation":{"x":0.33628252148628237,"y":0.11990606039762497,"z":-0.04321545735001564,"w":0.9331112504005432},"size":10.1743745803833,"orthographic":false}